{
  "project_info": {
    "project_number": "296950350437",
    "firebase_url": "https://todolist-a357c.firebaseio.com",
    "project_id": "todolist-a357c",
    "storage_bucket": "todolist-a357c.appspot.com"
  },
  "client": [
    {
      "client_info": {
        "mobilesdk_app_id": "1:296950350437:android:a537b3d4657528f1fdbc8c",
        "android_client_info": {
          "package_name": "com.example.todolist"
        }
      },
      "oauth_client": [
        {
          "client_id": "296950350437-jm6786s3t5a80p3g30t5ps9e3pkm6gie.apps.googleusercontent.com",
          "client_type": 1,
          "android_info": {
            "package_name": "com.example.todolist",
            "certificate_hash": "98602fde4791e88b89149c8685311a98a3f7313b"
          }
        },
        {
          "client_id": "296950350437-q3b1pnhbaqbtjf3183rj93glbrrci0kj.apps.googleusercontent.com",
          "client_type": 3
        }
      ],
      "api_key": [
        {
          "current_key": "AIzaSyCTEYEy5Aj0JlRR3wxdeCmIS_UfXsDJoz0"
        }
      ],
      "services": {
        "appinvite_service": {
          "other_platform_oauth_client": [
            {
              "client_id": "296950350437-q3b1pnhbaqbtjf3183rj93glbrrci0kj.apps.googleusercontent.com",
              "client_type": 3
            }
          ]
        }
      }
    }
  ],
  "configuration_version": "1"
}